Year,Queensland ($ per megawatt hour),New South Wales ($ per megawatt hour),Victoria ($ per megawatt hour),South Australia ($ per megawatt hour),Tasmania ($ per megawatt hour),Snowy ($ per megawatt hour),Average Price (notTas-Snowy)
1998,60,25,27,54,27,19,41.5
1999,49,30,28,69,30,24,44
2000,45,41,49,67,45,35,50.5
2001,38,38,33,34,34,27,35.75
2002,41,37,30,33,33,27,35.25
2003,31,37,27,39,31,22,33.5
2004,31,46,29,39,31,26,36.25
2005,31,43,36,44,59,29,38.5
2006,57,67,61,59,51,38,61
2007,58,44,51,101,57,31,63.5
2008,36,43,49,69,62,49,49.25
2009,37,52,42,83,30,42,53.5
2010,34,43,29,42,31,34,37
2011,30,31,28,32,33,31,30.25
2012,70,56,61,74,49,61,65.25
2013,61,53,54,68,42,54,59
2014,61,36,32,42,37,37,42.75
2015,64,54,50,67,97,64,58.75
2016,103,88,70,123,76,88,96
2017,75,85,99,109,88,88,92
2018,83,92,124,128,88,92,106.75
2019,56,79,84,73,56,73,73
2020,66,72,51,53,45,53,60.5
2021,178,144,104,125,90,125,137.75
2022,157,157,114,150,117,150,144.5
2023,101,114,77,103,72,101,98.75
2024,132,155,95,148,99,132,132.5
